,value,metric,type
0,1.9729088565214692,kde,full
1,8.95727203332316,kde,full
2,0.09832628145802719,kde,full
3,-1.1243856982009872,kde,full
4,3.482647035077714,kde,full
5,0.10108461280006648,kde,full
6,0.9655121566332991,kde,full
7,0.9677587452786258,kde,full
8,3.2069760020880604,kde,full
9,13.316151071937263,kde,full
10,0.2517886007961947,kde,full
11,-0.9311567373563061,kde,full
12,3.3868858149573375,kde,full
13,-1.002246201276368,kde,full
14,1.9001025732667056,kde,full
15,0.4753288508735099,kde,full
16,-0.013440441453090174,kde,full
17,3.9699054609073983,kde,full
18,16.09308150724266,kde,full
19,0.9241786378633949,kde,full
20,-0.6673778622188486,kde,full
21,-0.41801167920577387,kde,full
22,-0.09373623303413775,kde,full
23,5.686635920464303,kde,full
24,3.0234080541418695,kde,full
25,0.5032465315276411,kde,full
26,-0.954746293700985,kde,full
27,2.6845893977436512,kde,full
28,17.077129944571126,kde,full
29,2.77402508359301,kde,full
30,-0.22367974181279604,kde,full
31,-0.861025854759812,kde,full
32,0.30522276567573814,kde,full
33,3.1147370902569773,kde,full
34,5.404168072235338,kde,full
35,-0.2546547817713304,kde,full
36,-1.955538959924407,kde,full
37,3.852564824790198,kde,full
38,9.349228875839572,kde,full
39,-0.7358907158636464,kde,full
40,0.6014334446392332,kde,full
41,-0.3242780766335366,kde,full
42,0.44047725105705404,kde,full
43,1.1954890646707217,kde,full
44,8.861565546971828,kde,full
45,0.10921988595733892,kde,full
46,-1.5299562792246342,kde,full
47,1.2922646756430476,kde,full
48,-0.7260229466032669,kde,full
49,1.4321037355687045,kde,full
50,1.00181834695706,kde,full
51,0.5258330208977244,kde,full
52,1.082346085276177,kde,full
53,8.5741340425028,kde,full
54,0.5121143417131266,kde,full
55,-0.6198385482170274,kde,full
56,3.0561121076904145,kde,full
57,-0.41908408647238976,kde,full
58,2.471285037920991,kde,full
59,-0.8339710643126902,kde,full
60,1.969462146074052,kde,full
61,8.339656819661723,kde,full
62,-0.6859570966350007,kde,full
63,2.719423406579882,kde,full
64,0.297108656292995,kde,full
65,2.859454302903778,kde,full
66,0.6473797676339816,kde,full
67,2.6764304566557358,kde,full
68,-1.2208860190901847,kde,full
69,6.01835461591012,kde,full
70,15.597638732807125,kde,full
71,-0.7046218607506481,kde,full
72,-0.01145744552488856,kde,full
73,1.1151534718067087,kde,full
74,2.456231818744472,kde,full
75,1.5417991222976353,kde,full
76,8.631792506944702,kde,full
77,-1.514472089958887,kde,full
78,4.618264274728056,kde,full
79,17.03840902451096,kde,full
80,-1.3595829860905393,kde,full
81,0.4378894628444153,kde,full
82,3.220927484213453,kde,full
83,2.3399811886669353,kde,full
84,1.6015594372692878,kde,full
85,5.91007229359126,kde,full
86,-1.447168035011866,kde,full
87,3.13363316381387,kde,full
88,2.5451515352500205,kde,full
89,-0.8400683759464189,kde,full
90,1.954151327526557,kde,full
91,6.122672829179916,kde,full
92,0.7224893962590156,kde,full
93,2.7434077592669115,kde,full
94,8.103772515879124,kde,full
95,-1.4888443072882882,kde,full
96,4.434488861147609,kde,full
97,1.9574048462068008,kde,full
98,0.35278338087370975,kde,full
99,2.7058878554699186,kde,full
100,0.7130210898661695,kde,full
101,1.4953051041083518,kde,full
102,0.22830919859495652,kde,full
103,3.6761860998759097,kde,full
104,-1.3816293511320064,kde,full
105,1.0753487922311646,kde,full
106,7.132893760432424,kde,full
107,-1.0834095543016236,kde,full
108,2.042384326818919,kde,full
109,0.5363470271494315,kde,full
110,2.3671455795015994,kde,full
111,-0.27074136007143335,kde,full
112,-0.19259782065618433,kde,full
113,-1.1550955073180003,kde,full
114,1.7487652733784635,kde,full
115,-1.2202892654113124,kde,full
116,-0.8613435543868226,kde,full
117,2.7870310928834283,kde,full
118,-0.3937149309141315,kde,full
119,4.426547356381959,kde,full
120,-0.8223911720264804,kde,full
121,1.080366172604033,kde,full
122,-0.8888251059798095,kde,full
123,2.8109461373887505,kde,full
124,-1.7106373091158922,kde,full
125,-0.5341116555591215,kde,full
126,3.415922575191997,kde,full
127,-0.8715392452365659,kde,full
128,0.41602660727734486,kde,full
129,-0.7173004504928108,kde,full
130,1.417871321811087,kde,full
131,-0.5847589844342171,kde,full
132,-0.12827187190459272,kde,full
133,-1.3609756015161258,kde,full
134,-0.051742264863697984,kde,full
135,2.899282650894537,kde,full
136,-0.4419635866799927,kde,full
137,2.7510345246052954,kde,full
138,0.5843831989709083,kde,full
139,0.7994927609651077,kde,full
140,-1.1561140175927511,kde,full
141,-0.2679598353109286,kde,full
142,-0.3669206346592032,kde,full
143,-0.8192791145475954,kde,full
144,0.9334852463662434,kde,full
145,2.6086996839922136,kde,full
146,1.5306068704096443,kde,full
147,2.298050026920336,kde,full
148,2.6919201636642027,kde,full
149,2.3776967208337663,kde,full
150,0.784118153415555,kde,full
151,0.6948473933269899,kde,full
152,-1.1248327980013253,kde,full
153,0.27239609141949406,kde,full
154,-1.2481755722166403,kde,full
155,0.579033325783452,kde,full
156,-0.4610375623559978,kde,full
157,0.07163367714040897,kde,full
158,-1.1315994414187018,kde,full
159,2.1319044136295795,kde,full
160,3.3929469163854407,kde,full
161,1.8493861286380004,kde,full
162,0.8686398092357648,kde,full
163,0.7733745432784161,kde,full
164,-0.8175717710409947,kde,full
165,-1.4975466875687726,kde,full
166,-1.491081551266191,kde,full
167,2.3703422269756267,kde,full
168,0.8369910268667304,kde,full
169,-0.839186162607271,kde,full
170,-1.2414202588976448,kde,full
171,1.9687876467479128,kde,full
172,0.008032339801467347,kde,full
173,5.83167967015625,kde,full
174,1.1547618546940543,kde,full
175,0.6014508584831043,kde,full
176,-0.45007965353039875,kde,full
177,-1.5959604976424602,kde,full
178,-1.4289975487822197,kde,full
179,-0.6977905405814331,kde,full
180,-0.9521930123629485,kde,full
181,-0.7119140574157661,kde,full
182,-0.8695650166357203,kde,full
183,1.1707908393539301,kde,full
184,-1.0181842867454267,kde,full
185,-0.8969713605124146,kde,full
186,1.1529311996401046,kde,full
187,-0.9194906037934296,kde,full
188,0.09576891200841875,kde,full
189,-1.3808805682725587,kde,full
190,-1.2732881374807483,kde,full
191,-1.0243450754317858,kde,full
192,-0.7655722655177979,kde,full
193,-0.21725980728459665,kde,full
194,-0.3321551759817184,kde,full
195,-0.4487446712314927,kde,full
196,-0.8014219501116944,kde,full
197,-0.571557619828563,kde,full
198,0.5337069793582639,kde,full
199,-0.7325047348835254,kde,full
200,0.9714625474594349,kde,full
201,-0.9129018106857123,kde,full
202,-1.1985899348183158,kde,full
203,-1.2599451862656146,kde,full
204,0.7871408232527273,kde,full
205,0.6539468594118435,kde,full
206,0.49722200246737336,kde,full
207,-0.40499998052680714,kde,full
208,-0.21987332731943748,kde,full
209,0.22232244008708962,kde,full
210,-0.07987268832169526,kde,full
211,-0.3504677933098387,kde,full
212,-0.3164042790464808,kde,full
213,0.44148613995966846,kde,full
214,-0.9098454229276778,kde,full
215,-1.310982498966924,kde,full
216,0.9122575567858643,kde,full
217,0.893422674492496,kde,full
218,1.1709652071742624,kde,full
219,-0.3033823439350202,kde,full
220,0.5644554189201351,kde,full
221,2.129678318596246,kde,full
222,-0.7962561729711153,kde,full
223,0.1439801283113601,kde,full
224,-0.2687572562108589,kde,full
225,-0.9236524536879771,kde,full
226,-0.5041503952040562,kde,full
227,-1.1447735565396462,kde,full
228,0.5245242077775738,kde,full
229,0.17248641260255218,kde,full
230,-0.8862937296299216,kde,full
231,-0.8869409147887709,kde,full
232,0.3838542293776601,kde,full
233,4.51588953998168,kde,full
234,-1.2446408301975391,kde,full
235,0.8449885548339265,kde,full
236,0.07983693887563745,kde,full
237,-0.23772907426339274,kde,full
238,0.7046449683271288,kde,full
239,-0.771007682967203,kde,full
240,0.365354971911085,kde,full
241,-0.2287431378317244,kde,full
242,-1.6210664191159039,kde,full
243,-0.005217639496109372,kde,full
244,-0.38766386300738215,kde,full
245,1.858418333925304,kde,full
246,-1.0890055037641748,kde,full
247,0.12083945530149143,kde,full
248,0.20081932521369728,kde,full
249,0.8859836531048552,kde,full
250,2.0896457506035007,kde,full
251,1.7134188943856985,kde,full
252,-6.437319524432716e-05,kde,full
253,-0.6895107150584454,kde,full
254,-0.8681749956864862,kde,full
255,1.7313763365113948,kde,full
256,1.4790763707481238,kde,full
257,2.415815698329073,kde,full
258,-0.7165335120612273,kde,full
259,1.8651982805749716,kde,full
260,1.6768981972308221,kde,full
261,2.4776845121780506,kde,full
262,3.993920118599961,kde,full
263,2.110653240846913,kde,full
264,-0.3764125508551839,kde,full
265,-1.5171740227405803,kde,full
266,-1.466347398817179,kde,full
267,1.8425046368140547,kde,full
268,2.9762637042203117,kde,full
269,6.704388989821343,kde,full
270,0.0694807118464415,kde,full
271,3.438638842701113,kde,full
272,2.8860615924805244,kde,full
273,3.7884391373726833,kde,full
274,-0.7780417302471259,kde,full
275,1.4492500600786378,kde,full
276,0.35141706520558535,kde,full
277,-1.5414965918023762,kde,full
278,-1.6041813461883974,kde,full
279,1.7335071355844374,kde,full
280,2.4591407257476274,kde,full
281,2.843606702717559,kde,full
282,1.2455459596800558,kde,full
283,-0.7627341855533047,kde,full
284,2.4568175467593183,kde,full
285,2.831637642788313,kde,full
286,0.3267601403867492,kde,full
287,1.193342899254808,kde,full
288,0.44558364499424785,kde,full
289,-1.6178687631385251,kde,full
290,-0.9592853422400471,kde,full
291,1.768446999906093,kde,full
292,2.8019970704087145,kde,full
293,4.4137729520997135,kde,full
294,-0.0695311173075236,kde,full
295,-0.5368307045020875,kde,full
296,-0.28450356772469176,kde,full
297,0.005852972791863864,kde,full
298,-0.25144743468571457,kde,full
299,-1.5120056815068583,kde,full
300,0.427575305274433,kde,full
301,-1.690536036747387,kde,full
302,0.7087936411634215,kde,full
303,1.418883186055605,kde,full
304,-1.033161935788828,kde,full
305,3.3583771057536316,kde,full
306,0.1508020250879992,kde,full
307,0.036571442804749804,kde,full
308,0.7076292924675808,kde,full
309,-1.3630335694572102,kde,full
310,0.286817901396793,kde,full
311,-1.596724606512174,kde,full
312,1.0871153818852357,kde,full
313,0.9675059878623871,kde,full
314,-3.0015564237629277,kde,full
315,-2.9221142704211736,kde,full
316,-1.2855306563990445,kde,full
317,-3.08150564435292,kde,full
318,-2.716057633914945,kde,full
319,-1.7497728947532567,kde,full
320,-0.7962196336725145,kde,full
321,0.664730666226977,kde,full
322,0.8282918392406685,kde,full
323,-0.9603194621218949,kde,full
324,-1.4855090564661615,kde,full
325,-0.8622122700792584,kde,full
326,1.4477583752769005,kde,full
327,-1.3677582981054313,kde,full
328,-1.6858161654340067,kde,full
329,0.47064572124638526,kde,full
330,-1.6882429342430463,kde,full
331,0.117331692056406,kde,full
332,-1.451629166975861,kde,full
333,-1.6498451316188827,kde,full
334,-0.743029933860181,kde,full
335,-0.4376017754505993,kde,full
336,0.16034166073008052,kde,full
337,-0.9530032681549514,kde,full
338,1.0121601530617148,kde,full
339,-0.22230266246597408,kde,full
340,2.0324320836002934,kde,full
341,-1.4678128926266194,kde,full
342,-1.2999192837166178,kde,full
343,-0.48200291655135297,kde,full
344,-1.6920347252089287,kde,full
345,3.353939922926993,kde,full
346,-0.7679296672327112,kde,full
347,0.25010236285013854,kde,full
348,-0.4516851148201927,kde,full
349,0.8870972350791361,kde,full
350,1.3860511821323527,kde,full
351,-0.6025578896267416,kde,full
352,2.0514967875568546,kde,full
353,2.4355770285142135,kde,full
354,-1.7828028798855209,kde,full
355,-0.8150683281338733,kde,full
356,-1.0204740842268625,kde,full
357,2.3776688439133347,kde,full
358,-1.5298596565114113,kde,full
359,7.731785399833147,kde,full
360,-0.27750763852415483,kde,full
361,0.9554075787337444,kde,full
362,-0.4176158216081072,kde,full
363,4.432205966248301,kde,full
364,1.1358051977972767,kde,full
365,0.06629236150405482,kde,full
366,8.901921752762174,kde,full
367,4.688123267422391,kde,full
368,-1.9078281965270185,kde,full
369,1.4275012160039444,kde,full
370,-0.17973326896568304,kde,full
371,-0.5889286911441577,kde,full
372,-1.8170951811666332,kde,full
373,1.8982025867128698,kde,full
374,0.28731737208842395,kde,full
375,1.77216521281846,kde,full
376,-0.07595530703922754,kde,full
377,5.875387314688398,kde,full
378,2.2392428864188445,kde,full
379,2.605683601193888,kde,full
380,0.8144888454331902,kde,full
381,9.7123084792099,kde,full
382,-1.7502225973084806,kde,full
383,2.3394448931434586,kde,full
384,2.7856750516939397,kde,full
385,1.0055377478886667,kde,full
386,-1.6627514985372593,kde,full
387,2.4254230917068864,kde,full
388,-0.2177444206209685,kde,full
389,2.1014375626797075,kde,full
390,-0.42186985970032204,kde,full
391,0.38752159695389327,kde,full
392,0.22326874422708612,kde,full
393,2.532752477192649,kde,full
394,2.774927811326485,kde,full
395,3.238405041007543,kde,full
396,3.9243251915471595,kde,full
397,-1.589261389253272,kde,full
398,-0.25563332405066586,kde,full
399,2.2853225488010374,kde,full
400,0.8007292207459882,kde,full
401,-1.607151283235841,kde,full
402,1.7635897730133396,kde,full
403,-0.023137136582959017,kde,full
404,4.350601410703599,kde,full
405,0.3127407291799944,kde,full
406,0.8905023316725039,kde,full
407,0.5369451660348156,kde,full
408,14.80611639578992,kde,full
409,4.033648269863453,kde,full
410,4.885091262059587,kde,full
411,12.249473757790692,kde,full
412,-1.0589258787139524,kde,full
413,0.6028659694552114,kde,full
414,2.255895912022142,kde,full
415,5.392062261734932,kde,full
416,-1.2177190895111123,kde,full
417,1.4190840247637815,kde,full
418,0.30725639451368714,kde,full
419,-0.18322834994147202,kde,full
420,2.191037396095811,kde,full
421,4.551625467384635,kde,full
422,1.4700320440862578,kde,full
423,6.309566350848763,kde,full
424,1.8229813500698167,kde,full
425,3.7086210717286487,kde,full
426,1.5439842188240607,kde,full
427,-0.9667176841480923,kde,full
428,1.720139443372692,kde,full
429,2.589647388794389,kde,full
430,3.1872174890004716,kde,full
431,-0.6284337804223252,kde,full
432,1.5075439975564136,kde,full
433,0.47971216310729675,kde,full
434,4.439292344483325,kde,full
435,1.952881617170061,kde,full
436,-0.7997386118316407,kde,full
437,-0.7480726404249123,kde,full
438,19.057050135321344,kde,full
439,-0.15562482065775304,kde,full
440,2.17212049562288,kde,full
441,-0.9317173711302618,kde,full
442,1.3388797869167988,kde,full
443,9.26319533690666,kde,full
444,1.5849239410293494,kde,full
445,-1.0759032627099092,kde,full
446,0.4738080194917068,kde,full
447,10.494966791084508,kde,full
448,7.822309337496733,kde,full
449,-0.9262619877542065,kde,full
450,0.17265937678072193,kde,full
451,-0.7201225701707514,kde,full
452,0.0031333630765724985,kde,full
453,2.4568535051767553,kde,full
454,-0.7783317442173905,kde,full
455,-0.49339128222252826,kde,full
456,8.102556298237678,kde,full
457,-0.05446079874271642,kde,full
458,-1.1711399115904593,kde,full
459,1.55053605881012,kde,full
460,0.21488008252803065,kde,full
461,1.4222850352882168,kde,full
462,-0.7428344841267193,kde,full
463,0.6810289745322979,kde,full
464,-0.0632395949924332,kde,full
465,0.09043126656643048,kde,full
466,-1.5223349845829168,kde,full
467,-0.1412084936171678,kde,full
468,3.587319279597337,kde,full
469,-0.35456644058498393,kde,full
470,-0.48953938565510313,kde,full
471,4.848922244060397,kde,full
472,-0.5203308248748088,kde,full
473,-1.1122011175490336,kde,full
474,0.28699491220294016,kde,full
475,0.24403339771621457,kde,full
476,2.215433977168263,kde,full
477,-0.17834450860898576,kde,full
478,0.8108974492321772,kde,full
479,1.4715333909546362,kde,full
480,-1.2937486838425436,kde,full
481,-1.3895779842554843,kde,full
482,-0.04048003761321303,kde,full
483,1.1263736667122937,kde,full
484,-0.7706392794094992,kde,full
485,-0.6042156077616888,kde,full
486,0.44552762876622226,kde,full
487,-1.1237861051242655,kde,full
488,0.024433511602033373,kde,full
489,0.6408533761481938,kde,full
490,-1.5440033448720931,kde,full
491,1.124944515286181,kde,full
492,1.5526889781021853,kde,full
493,3.5113268267897615,kde,full
494,-1.3247141014092343,kde,full
495,-0.9470069720350384,kde,full
496,-0.49987633222582695,kde,full
497,4.2424280522803075,kde,full
498,0.06115640551817991,kde,full
499,1.7128367928815416,kde,full
500,-0.9691299814455435,kde,full
501,0.4233895363885392,kde,full
502,-0.4683388137306192,kde,full
503,-1.1706239467149788,kde,full
504,-0.7910840229391627,kde,full
505,-0.019386698184218426,kde,full
506,-0.09074920195807759,kde,full
507,-0.726812781805305,kde,full
508,-3.448341932859661,kde,full
509,-1.1817751061304476,kde,full
510,-0.12171910634834383,kde,full
511,-1.4055632958493258,kde,full
512,-0.47022924673014765,kde,full
513,-0.5985632801721258,kde,full
514,0.40557303185014837,kde,full
515,1.08485605224817,kde,full
516,-0.7824152501093885,kde,full
517,-0.7456943296775551,kde,full
518,-0.2989635605157871,kde,full
519,-0.24263524702279488,kde,full
520,0.2999932989654556,kde,full
521,-1.3245868091952873,kde,full
522,0.8005616726847103,kde,full
523,-0.8492026026417326,kde,full
524,-3.365994940304775,kde,full
525,-1.1026279989526309,kde,full
526,-0.08964125046686008,kde,full
527,-1.2161905190820814,kde,full
528,-1.119457455795008,kde,full
529,-0.8450611072542256,kde,full
530,0.8119825629775543,kde,full
531,1.3462688610999605,kde,full
532,2.939314078137443,kde,full
533,-0.021413492996014027,kde,full
534,-1.5279629991445,kde,full
535,-1.783530873982261,kde,full
536,2.1036395944894473,kde,full
537,-0.6482484770865781,kde,full
538,1.0501113365526336,kde,full
539,-0.5112433875877795,kde,full
540,-2.8606872683881686,kde,full
541,-0.4240243963812639,kde,full
542,0.6411462395272749,kde,full
543,2.98370875498631,kde,full
544,-2.6853278864081433,kde,full
545,-0.5695839533894217,kde,full
546,-1.2505954686102438,kde,full
547,1.2077715805431302,kde,full
548,0.8786076374267262,kde,full
549,2.7541676260837886,kde,full
550,0.8229769516762755,kde,full
551,-1.6177341790569435,kde,full
552,-1.3725960879439085,kde,full
553,-0.8502364477396449,kde,full
554,2.1426972795956636,kde,full
555,-0.4608200294604112,kde,full
556,-3.0212238609419977,kde,full
557,1.2112886209246545,kde,full
558,0.2276396146179958,kde,full
559,1.3676377100500463,kde,full
560,-2.9806935212124293,kde,full
561,-0.6530882273500577,kde,full
562,-1.3825224106124976,kde,full
563,-0.6953826026847523,kde,full
564,-0.8280648607857171,kde,full
565,-1.0655642846438138,kde,full
566,-0.1895543308308016,kde,full
567,-2.1722661149840667,kde,full
568,-0.8149517379512321,kde,full
569,0.005134349729150445,kde,full
570,-1.269147490949242,kde,full
571,-3.080327647440648,kde,full
572,-0.8771010709269165,kde,full
573,0.24197707864212137,kde,full
574,-0.3014658405805772,kde,full
575,-1.1547450195600897,kde,full
576,0.5264117560693979,kde,full
577,-2.0685852049299895,kde,full
578,-0.8612501640148145,kde,full
579,1.2616377774444905,kde,full
580,3.6389352979104097,kde,full
581,-2.8287406570966,kde,full
582,3.412642973424287,kde,full
583,-0.23486158769373605,kde,full
584,1.7259540981496635,kde,full
585,1.7563539249781164,kde,full
586,-0.9090304153800995,kde,full
587,1.9859149929352937,kde,full
588,-1.289990944205792,kde,full
589,-0.8185069793969786,kde,full
590,-0.5561388602473328,kde,full
591,4.594525766265562,kde,full
592,-1.231121680798746,kde,full
593,2.7464226036158164,kde,full
594,1.7651219765925308,kde,full
595,0.7850625726246698,kde,full
596,-1.3672568944798296,kde,full
597,-0.5813215457214513,kde,full
598,1.396654527291175,kde,full
599,2.5000778175564347,kde,full
600,-0.3623227822728081,kde,full
601,-0.7005072848431158,kde,full
602,-0.06326953542013286,kde,full
603,-0.3543580840678434,kde,full
604,-1.9522823340397473,kde,full
605,1.9332927858139595,kde,full
606,2.5694855148241995,kde,full
607,-0.987213595882816,kde,full
608,-1.5329039016954369,kde,full
609,-0.8273339284257688,kde,full
610,1.2344042268592283,kde,full
611,-0.5538499994537093,kde,full
612,1.029933500275679,kde,full
613,-0.35405649714540904,kde,full
614,0.802338419524283,kde,full
615,1.4215164120922004,kde,full
616,-2.897714390227455,kde,full
617,3.95894136089271,kde,full
618,-1.021937989970564,kde,full
619,-0.6001997636816416,kde,full
620,-1.800536671151803,kde,full
621,-0.8298398636738247,kde,full
622,-1.1733672380922702,kde,full
623,3.358394033569573,kde,full
624,0.45119016845553583,kde,full
625,0.39426916593416966,kde,full
626,2.2959779543992855,kde,full
627,-0.8638273774217629,kde,full
628,3.1446815306428735,kde,full
629,0.47114690759001765,kde,full
630,-0.7652349451652305,kde,full
631,2.1117352699526086,kde,full
632,0.42530602586566685,kde,full
633,-1.9585762172439654,kde,full
634,-0.4083783554124192,kde,full
635,-2.2821898633052373,kde,full
636,0.7250159840307171,kde,full
637,2.7392825058717545,kde,full
638,3.1683243011449194,kde,full
639,-0.6087688569246361,kde,full
640,-0.021268455700675037,kde,full
641,1.3465468043949058,kde,full
642,-0.18914182121031953,kde,full
643,1.2371284161351521,kde,full
644,-1.9503281198018536,kde,full
645,9.784061232578749,kde,full
646,-1.944227083319505,kde,full
647,0.9004996124308746,kde,full
648,-2.7540358004458394,kde,full
649,2.557704730762755,kde,full
650,5.997675881067617,kde,full
651,0.41278888234539635,kde,full
652,-1.4907882666967425,kde,full
653,0.5969639651037548,kde,full
654,4.31385428834157,kde,full
655,1.2737224917657395,kde,full
656,-0.14912457427457276,kde,full
657,-2.1712506407158494,kde,full
658,6.351859456350345,kde,full
659,-1.7602069345294766,kde,full
660,1.3885410855643006,kde,full
661,-0.5411546940711629,kde,full
662,-0.2934057406207248,kde,full
663,1.3224582622817072,kde,full
664,-2.3924545613146098,kde,full
665,2.044523906192496,kde,full
666,5.603518185413488,kde,full
667,2.5739176510081196,kde,full
668,1.0176978752240489,kde,full
669,-1.86478801624628,kde,full
670,7.401618449259322,kde,full
671,-1.552063062790317,kde,full
672,-0.629260276638199,kde,full
673,-0.05040155582822192,kde,full
674,2.768493932747465,kde,full
675,-2.0050649039174138,kde,full
676,0.17928660215808537,kde,full
677,2.046261759790709,kde,full
678,0.18690884566254354,kde,full
679,1.175585390162677,kde,full
680,-0.9416428752027419,kde,full
681,3.061689911272191,kde,full
682,-1.8613991411870672,kde,full
683,-1.2485146691960143,kde,full
684,-0.7819671496146687,kde,full
685,0.36673703049390316,kde,full
686,-1.5383998615493626,kde,full
687,-2.735868547841415,kde,full
688,2.381877755746247,kde,full
689,3.571621568764341,kde,full
690,0.9494440083228675,kde,full
691,0.9277601772259285,kde,full
692,-1.6558409436404684,kde,full
693,0.7578591885982227,kde,full
694,-0.9763199436086201,kde,full
695,-0.9372824786928156,kde,full
696,-0.84756791205965,kde,full
697,-0.9788854806020622,kde,full
698,3.678001897575001,kde,full
699,-0.7367195547509701,kde,full
700,-2.80986929617819,kde,full
701,-1.857705888670171,kde,full
702,-1.2581647446690414,kde,full
703,-0.045955738193976525,kde,full
704,-1.5432348022571292,kde,full
705,0.0019522906268421777,kde,full
706,13.94226942941446,kde,full
707,0.23002096442730924,kde,full
708,-0.7528089824007891,kde,full
709,-1.1599830317302806,kde,full
710,-3.2623464076559725,kde,full
711,0.05009136058895547,kde,full
712,0.3162679647774872,kde,full
713,0.6966569304555922,kde,full
714,-2.124702640166346,kde,full
715,-2.6906426656114153,kde,full
716,-1.5394505681959396,kde,full
717,0.00026462897106643846,kde,full
718,-1.4379067851966647,kde,full
719,2.1239947530911234,kde,full
720,2.2730175225182214,kde,full
721,0.02278717612069675,kde,full
722,-0.5920628336466222,kde,full
723,0.8605666974628615,kde,full
724,-3.3712971678668424,kde,full
725,0.8912263583204022,kde,full
726,0.20224400822397368,kde,full
727,-0.46770044617575035,kde,full
728,-1.906752056511483,kde,full
729,-2.6750219365560914,kde,full
730,-0.6189861654095452,kde,full
731,-1.6396459212310608,kde,full
732,1.3117820814360643,kde,full
733,4.625791729900991,kde,full
734,0.2080486358835642,kde,full
735,-1.4810584267450562,kde,full
736,-3.548039086162796,kde,full
737,-1.152392883777652,kde,full
738,0.6869800599279062,kde,full
739,0.6370557106808207,kde,full
740,-2.5241923519696807,kde,full
741,-3.5213084187436015,kde,full
742,-3.6208622220234394,kde,full
743,0.6487616899469935,kde,full
744,-3.177199504987384,kde,full
745,-0.12602252014134033,kde,full
746,1.7398430945336858,kde,full
747,-3.5568067336877074,kde,full
748,-3.1541343875444467,kde,full
749,-3.609551046804747,kde,full
750,-2.2938383361779398,kde,full
751,0.8859773764815054,kde,full
752,-3.3778342789940443,kde,full
753,-2.595114461542292,kde,full
754,-0.1710326254150052,kde,full
755,-3.4921795706339096,kde,full
756,-2.0763496814138374,kde,full
757,-3.727806450885158,kde,full
758,-0.9740175981111008,kde,full
759,1.7764458425168785,kde,full
760,-3.056104470803346,kde,full
761,-1.4078117428222103,kde,full
762,-3.4121643734907834,kde,full
763,-0.5390552463620769,kde,full
764,1.5382101292631767,kde,full
765,-3.2474264145289307,kde,full
766,-3.4719737946583185,kde,full
767,0.7396654914234425,kde,full
768,0.7043680525335692,kde,full
769,-2.128252938306479,kde,full
770,0.4947529116585754,kde,full
771,-3.063962421440853,kde,full
772,-0.38169912106380843,kde,full
773,-2.0277122660403744,kde,full
774,2.4875226904933325,kde,full
775,6.135646615151538,kde,full
776,-3.495608713797387,kde,full
777,-3.042357826997033,kde,full
778,2.5717096685101564,kde,full
779,0.8388990561369725,kde,full
780,-0.43300308965188883,kde,full
781,4.929256092052454,kde,full
782,-2.538197790914894,kde,full
783,-0.3981284792293679,kde,full
784,-1.862905245506019,kde,full
785,-0.7889044460526287,kde,full
786,-1.687296703552123,kde,full
787,10.24397895145412,kde,full
788,-2.962094580122238,kde,full
789,-2.525969415863772,kde,full
790,8.313038125136757,kde,full
791,0.6528080872345348,kde,full
792,1.7559437624409553,kde,full
793,8.485035791916031,kde,full
794,-2.1579241037607213,kde,full
795,-0.2624494535722491,kde,full
796,0.4002204754630059,kde,full
797,1.2922889646750384,kde,full
798,-1.6261390234818989,kde,full
799,0.3675785253246049,kde,full
800,2.8566272254036646,kde,full
801,11.616368287552357,kde,full
802,-1.635574529979726,kde,full
803,-1.1360819114060092,kde,full
804,13.194372199023226,kde,full
805,0.4694335378280566,kde,full
806,5.53644729009799,kde,full
807,15.41148647572243,kde,full
808,0.2962829102428207,kde,full
809,-0.4705304562417962,kde,full
810,3.416349905171711,kde,full
811,3.8013764769818357,kde,full
812,-1.2781925473940228,kde,full
813,0.3694377278172992,kde,full
814,0.27076139553999234,kde,full
815,2.3358234731708047,kde,full
816,0.06839293176695388,kde,full
817,-0.723219693832827,kde,full
818,16.26387599586793,kde,full
819,-0.321207022011446,kde,full
820,-0.5938312108408565,kde,full
821,20.0,kde,full
822,0.7509169146990389,kde,full
823,8.083590640932062,kde,full
824,11.852656471713374,kde,full
825,0.7662112581617573,kde,full
826,-0.20896901327179146,kde,full
827,8.273894271497712,kde,full
828,9.606552946581244,kde,full
829,-1.113313707694651,kde,full
830,0.664154019834081,kde,full
831,0.8213020253431372,kde,full
832,3.8666885557101733,kde,full
833,-2.5857984468528894,kde,full
834,-0.6285168218548727,kde,full
835,12.741182240053728,kde,full
836,2.3762796946932694,kde,full
837,4.66044966803158,kde,full
838,-1.2535841256262579,kde,full
839,20.0,kde,full
840,3.8789459013024934,kde,full
841,2.5579742976468034,kde,full
842,2.9500894611295134,kde,full
843,0.4804656880243068,kde,full
844,5.317130571213006,kde,full
845,18.518030152538692,kde,full
846,4.0820921984205665,kde,full
847,-0.02582103585588491,kde,full
848,7.051388146080451,kde,full
849,8.296070189928223,kde,full
850,0.3913016128883946,kde,full
851,0.48892689412162893,kde,full
852,-1.296193191549469,kde,full
853,-1.5763477278399676,kde,full
854,-0.2404252566677178,kde,full
855,2.6095208194359634,kde,full
856,2.121717428954638,kde,full
857,-1.4574316179851121,kde,full
858,0.11933204784411372,kde,full
859,-0.5429967089891597,kde,full
860,3.525078523516906,kde,full
861,1.2265131753455552,kde,full
862,2.921670682886509,kde,full
863,3.3846585664464577,kde,full
864,0.3986210706715466,kde,full
865,4.541749692241203,kde,full
866,1.7103559939918846,kde,full
867,2.730084635593598,kde,full
868,-0.05857560733475069,kde,full
869,8.937184993015189,kde,full
870,8.030806862833499,kde,full
871,0.4285902947290555,kde,full
872,-0.12195727145087204,kde,full
873,-0.9607316709958095,kde,full
874,0.6803630960514117,kde,full
875,-0.13064600907030666,kde,full
876,6.285519956121723,kde,full
877,-1.4582498742005177,kde,full
878,-1.0603219287165637,kde,full
879,-0.29817734157596576,kde,full
880,10.741089926493496,kde,full
881,0.4279926643065306,kde,full
882,-0.1824907428865034,kde,full
883,2.4014468814325465,kde,full
884,8.221496070725726,kde,full
885,7.507103525371097,kde,full
886,0.10144819913008488,kde,full
887,7.256673619219519,kde,full
888,2.2234550547465224,kde,full
889,4.523414037611839,kde,full
890,0.22908306327487368,kde,full
891,15.708012225668481,kde,full
892,3.9987352459186263,kde,full
893,0.058540249743949765,kde,full
894,-0.7777374546591272,kde,full
895,-0.40465648081038336,kde,full
896,1.6004176488693513,kde,full
897,1.163137103210253,kde,full
898,19.880837678959157,kde,full
899,-1.4439404500134962,kde,full
900,0.4285910791449561,kde,full
901,-0.16562848122684626,kde,full
902,6.4906958164236315,kde,full
903,0.5074244600452192,kde,full
904,0.7570289392717997,kde,full
905,4.1641448853351095,kde,full
906,1.7017676832243316,kde,full
907,-0.463373266418211,kde,full
908,2.2934485830052243,kde,full
909,5.410939729541576,kde,full
910,6.757220781738492,kde,full
911,-0.5792295205293496,kde,full
912,0.6127871718552298,kde,full
913,-0.2869256172999668,kde,full
914,5.6603655148030345,kde,full
915,0.7332836299529863,kde,full
916,-0.14950175191826853,kde,full
917,5.963979871147185,kde,full
918,0.5316931943480565,kde,full
919,0.7040276755350205,kde,full
920,-0.6078753325902019,kde,full
921,-0.9892038883726691,kde,full
922,0.24743615592159707,kde,full
923,-1.3013090999101593,kde,full
924,-0.6588475857793034,kde,full
925,1.0262756474103711,kde,full
926,3.5201161929188785,kde,full
927,1.139133418305369,kde,full
928,-0.8887667232853207,kde,full
929,1.0002888011010365,kde,full
930,2.371360580267295,kde,full
931,-2.5306675190726087,kde,full
932,1.1922526779371827,kde,full
933,14.240273883170769,kde,full
934,9.641853104493693,kde,full
935,-0.16902108167802896,kde,full
936,1.5067275612437436,kde,full
937,0.32297486177722873,kde,full
938,6.387783021888492,kde,full
939,0.09393517905934973,kde,full
940,-0.15855908325496848,kde,full
941,-1.151128826075485,kde,full
942,-2.2647811959714095,kde,full
943,0.03948718539742333,kde,full
944,1.3360434016219682,kde,full
945,-1.2439306663016299,kde,full
946,-3.21397030901258,kde,full
947,-1.0641878802164844,kde,full
948,3.036955868232346,kde,full
949,-0.6348747105885899,kde,full
950,-1.1606665233331261,kde,full
951,1.427544980165868,kde,full
952,1.8015402103353086,kde,full
953,-1.4301707752152655,kde,full
954,2.126495544409656,kde,full
955,1.9726511534871856,kde,full
956,1.5178547911684652,kde,full
957,-0.8011331841508006,kde,full
958,1.742073025793026,kde,full
959,12.666594820245551,kde,full
960,-0.24115420423353406,kde,full
961,0.6909685744898062,kde,full
962,-1.1085174744523112,kde,full
963,0.433412205891123,kde,full
964,1.9139507111938063,kde,full
965,1.8645646050267033,kde,full
966,-1.1650072902941475,kde,full
967,-2.513003817892344,kde,full
968,0.9542886521784268,kde,full
969,-0.9666566101102555,kde,full
970,-1.2558401082337558,kde,full
971,2.2974096606300694,kde,full
972,-1.168938785734098,kde,full
973,0.4288069212212608,kde,full
974,-1.6270159994514926,kde,full
975,0.6203632501726714,kde,full
976,4.610045385439809,kde,full
977,2.084648306510884,kde,full
978,4.0169448641406,kde,full
979,3.9491973775245204,kde,full
980,-0.871695771176588,kde,full
981,1.6130479224288308,kde,full
982,3.954769505593439,kde,full
983,1.6201935585233835,kde,full
984,1.9210008119122293,kde,full
985,-1.9905961270085308,kde,full
986,-0.9123613139950731,kde,full
987,-0.2975245198947041,kde,full
988,-1.200591313235461,kde,full
989,-3.0247490107184505,kde,full
990,1.0229020213072941,kde,full
991,-1.149514727542537,kde,full
992,-1.2871822972287523,kde,full
993,0.30668052786902766,kde,full
994,-1.1027226790340494,kde,full
995,-1.6440898896084302,kde,full
996,-0.8583933631463513,kde,full
997,1.546936459004811,kde,full
998,-0.535783894351604,kde,full
999,-0.7083844763383984,kde,full
1000,-0.996126932751495,kde,full
1001,1.9817586132945644,kde,full
1002,-0.9677201976225898,kde,full
1003,-0.6180850271030046,kde,full
1004,-0.40465932623855616,kde,full
1005,8.471312102860265,kde,full
1006,-1.1226900491225902,kde,full
1007,0.46632070822932525,kde,full
1008,0.45884521887279345,kde,full
1009,-2.0623924848387,kde,full
1010,1.3410483354432845,kde,full
1011,-1.1935315435946023,kde,full
1012,0.6915179210028582,kde,full
1013,-1.220615609863844,kde,full
1014,-2.321416037259641,kde,full
1015,-2.299130329392219,kde,full
1016,-1.1379753074114451,kde,full
1017,1.7641258376625926,kde,full
1018,-0.5207413375145364,kde,full
1019,-0.6920765652397729,kde,full
1020,-1.1429868488420407,kde,full
1021,-2.4187865372431485,kde,full
1022,-1.4222937257687043,kde,full
1023,-1.2487108095164157,kde,full
1024,1.0050268536137186,kde,full
1025,4.340471011637981,kde,full
1026,-0.8406144282041481,kde,full
1027,-1.1831913791919104,kde,full
1028,1.7833144279946511,kde,full
1029,-2.654829866640769,kde,full
1030,0.0018412747734112556,kde,full
1031,-0.02156180634782709,kde,full
1032,-2.965001627737003,kde,full
1033,-2.1272584488050343,kde,full
1034,-0.21210170004128287,kde,full
1035,-1.4813599944117772,kde,full
1036,-0.5264922622695607,kde,full
1037,-0.4385148374707065,kde,full
1038,-0.7618938480695148,kde,full
1039,-1.8387974885285678,kde,full
1040,-3.423213624070837,kde,full
1041,0.7574975225319633,kde,full
1042,-1.1517919030934733,kde,full
1043,-1.4071647580177271,kde,full
1044,1.8907143254078986,kde,full
1045,2.8226564613588097,kde,full
1046,0.14523377218655587,kde,full
1047,-3.6384538997507727,kde,full
1048,3.87410813440144,kde,full
1049,-1.7905501103319112,kde,full
1050,-1.1796340853002232,kde,full
1051,-2.679233038696702,kde,full
1052,-1.4419318985658567,kde,full
1053,0.24915160629659566,kde,full
1054,-1.1749971891460305,kde,full
1055,0.01608327877712637,kde,full
1056,-0.3049962945743492,kde,full
1057,-0.46833936253960634,kde,full
1058,-2.7675753254631417,kde,full
1059,-3.137536258594333,kde,full
1060,-1.0452030605087639,kde,full
1061,-0.06415286907339152,kde,full
1062,-0.9522321798731641,kde,full
1063,-1.169070221157712,kde,full
1064,0.6182989364073923,kde,full
1065,-1.3677066877968866,kde,full
1066,1.2807477035952544,kde,full
1067,-3.288484359561116,kde,full
1068,1.0696997361000942,kde,full
1069,-2.664459645639343,kde,full
1070,-1.76256267276871,kde,full
1071,-1.8275591957910169,kde,full
1072,0.9506080329143876,kde,full
1073,-0.3846582563190089,kde,full
1074,-0.48134540546640503,kde,full
1075,1.0742366966385533,kde,full
1076,-0.1587158299081013,kde,full
1077,-2.876423803743786,kde,full
1078,-2.5638404703257565,kde,full
1079,-1.02666238761655,kde,full
1080,0.05276820422245934,kde,full
1081,-3.0165115368866138,kde,full
1082,-0.601787114242086,kde,full
1083,-0.7213136345995808,kde,full
1084,1.621497798738255,kde,full
1085,2.034917897293894,kde,full
1086,-3.1395205395343364,kde,full
1087,1.3164348682468034,kde,full
1088,-1.9105778527149384,kde,full
1089,-0.7962706888944876,kde,full
1090,-1.6406176145175837,kde,full
1091,2.117986243256177,kde,full
1092,2.391727054254179,kde,full
1093,-0.0867122853634753,kde,full
1094,-1.6197109692921503,kde,full
1095,0.31473118721978965,kde,full
1096,-2.9961121255580783,kde,full
1097,-3.539030700425712,kde,full
1098,0.04045414665025299,kde,full
1099,-0.6184448667353524,kde,full
1100,-3.073143370703303,kde,full
1101,0.9319619623725677,kde,full
1102,0.24977351332965014,kde,full
1103,0.10101480786104353,kde,full
1104,0.7256270483435403,kde,full
1105,-3.3082901336007735,kde,full
1106,2.9824935742313436,kde,full
1107,-0.9391019682857507,kde,full
1108,-2.901150931486311,kde,full
1109,-1.9321767238426963,kde,full
1110,-1.4573890743972773,kde,full
1111,4.574981482650647,kde,full
1112,-0.08748807931013552,kde,full
1113,-3.619104739953451,kde,full
1114,1.4342621556527253,kde,full
1115,-2.643400193758068,kde,full
1116,-3.2695741367851934,kde,full
1117,0.6762731844655749,kde,full
1118,-0.10915791647961254,kde,full
1119,-3.2583346006796656,kde,full
1120,3.350518216983221,kde,full
1121,-0.7298205344233192,kde,full
1122,1.6478947263766335,kde,full
1123,-0.19950297139027456,kde,full
1124,-2.844229827251874,kde,full
1125,-0.15339838918783855,kde,full
1126,-0.3649971928849976,kde,full
1127,-1.6372629635184235,kde,full
1128,-1.4926281533023598,kde,full
1129,-0.5744954858225517,kde,full
1130,-2.072782332340273,kde,full
1131,0.040105093363323185,kde,full
1132,-3.4890472078022308,kde,full
1133,-0.3545259905519498,kde,full
1134,-3.651093766512396,kde,full
1135,-3.054801155775162,kde,full
1136,0.9466217804962191,kde,full
1137,-0.0005536609500335632,kde,full
1138,-3.4227737909701195,kde,full
1139,0.03929584915554141,kde,full
1140,-0.31602161874055623,kde,full
1141,-0.44254981503220364,kde,full
1142,-1.1924180913953832,kde,full
1143,-3.4321473128112836,kde,full
1144,0.18955408619785008,kde,full
1145,-2.374068683118938,kde,full
1146,-3.6737662464581105,kde,full
1147,-2.0662845228614595,kde,full
1148,0.3997588837116082,kde,full
1149,-1.7034026678574614,kde,full
1150,0.40395845832112043,kde,full
1151,-3.409525201304771,kde,full
1152,-0.046433936037043905,kde,full
1153,-3.388535175828838,kde,full
1154,-3.3338455244292207,kde,full
1155,2.2470277639729503,kde,full
1156,0.6086138226895903,kde,full
1157,-3.427079696787329,kde,full
1158,1.630686192228909,kde,full
1159,0.3802354815247713,kde,full
1160,-0.1504583376494079,kde,full
1161,-1.3955640937688845,kde,full
1162,-3.5040938263504993,kde,full
1163,1.5952603009860358,kde,full
1164,-0.7946298214416403,kde,full
1165,-3.375547407461237,kde,full
1166,-2.093844053479338,kde,full
1167,1.324943326215021,kde,full
1168,-1.463607793545612,kde,full
1169,0.16814865908845505,kde,full
1170,-2.901903967744478,kde,full
1171,-1.034319000953776,kde,full
1172,-3.3245044756467887,kde,full
1173,-3.20599837245038,kde,full
1174,0.3664534020940653,kde,full
1175,0.5883713199195366,kde,full
1176,-3.3715290195062724,kde,full
1177,3.050821533970319,kde,full
1178,1.400683276874852,kde,full
1179,-0.93533566393736,kde,full
1180,-0.5969737097716967,kde,full
1181,-3.2895572020587944,kde,full
1182,5.669581562097845,kde,full
1183,-3.7683754849574793,kde,full
1184,-3.361756531758511,kde,full
1185,-1.9022388025582846,kde,full
1186,2.504419431972958,kde,full
1187,-1.1284118783401742,kde,full
1188,1.6079074743180792,kde,full
1189,-3.575785824708853,kde,full
1190,-0.8261440428777806,kde,full
1191,-3.5073225442299316,kde,full
1192,-3.590268194495366,kde,full
1193,0.20674977274089348,kde,full
1194,0.6010150990491454,kde,full
1195,-2.6843699735299626,kde,full
1196,-0.2625388042061757,kde,full
1197,2.552275457512125,kde,full
1198,-0.13099447806640085,kde,full
1199,0.9449975868026901,kde,full
1200,-2.867656045346767,kde,full
1201,-3.4363093933904745,kde,full
1202,-3.717049014936691,kde,full
1203,-1.7486189588449117,kde,full
1204,-1.0858751593447802,kde,full
1205,-1.2451581832093912,kde,full
1206,0.7302351010831274,kde,full
1207,-3.63196063358259,kde,full
1208,0.21046597277825455,kde,full
1209,-3.4529603339634853,kde,full
1210,-3.4977732618483985,kde,full
1211,0.24361291568181778,kde,full
1212,0.1075090601841224,kde,full
1213,-3.7086029517464985,kde,full
1214,-0.4428845073029771,kde,full
1215,5.658535809110999,kde,full
1216,-1.7306824639608607,kde,full
1217,-1.493432877220241,kde,full
1218,0.13516783807821275,kde,full
1219,-2.1551186086951364,kde,full
1220,-3.4035633090307136,kde,full
1221,-3.499650693721807,kde,full
1222,-1.6134763016800966,kde,full
1223,-0.5573382766074348,kde,full
1224,-0.9681000979538804,kde,full
1225,0.9300748052216109,kde,full
1226,-3.620503898940524,kde,full
1227,2.0141293709360752,kde,full
1228,-3.41857791656642,kde,full
1229,-3.596100113736527,kde,full
1230,1.1652215826248356,kde,full
1231,0.3716969364149975,kde,full
1232,-3.6507766417343084,kde,full
1233,-0.041468826567146205,kde,full
1234,0.7651311279003958,kde,full
1235,-1.6317505198370827,kde,full
1236,-1.7754250017476647,kde,full
1237,5.023893099884704,kde,full
1238,-2.1494375151437337,kde,full
1239,-3.4176337146192797,kde,full
1240,-3.7255743553478116,kde,full
1241,-1.6548033571623564,kde,full
1242,-0.10297757847795214,kde,full
1243,-0.7353842818479025,kde,full
1244,1.6088389474987412,kde,full
1245,-3.5220146315273686,kde,full
1246,2.4489774761998433,kde,full
1247,-3.544672465811318,kde,full
1248,-3.3864022581209596,kde,full
1249,0.9836103812564592,kde,full
1250,0.05036079068652044,kde,full
1251,-3.618494303608885,kde,full
1252,1.3065871296485507,kde,full
1253,1.675019322357422,kde,full
1254,-1.5623325083442101,kde,full
1255,-1.7261553894657626,kde,full
1256,11.308955431693544,kde,full
1257,-1.4477573557879846,kde,full
1258,-3.416282728659983,kde,full
1259,-3.5253384331572692,kde,full
1260,-1.3442638424331368,kde,full
1261,0.5060179674509351,kde,full
1262,-0.3572925921161875,kde,full
1263,0.5266351601209248,kde,full
1264,-3.4938946632727186,kde,full
1265,10.157969839556987,kde,full
1266,-3.377064010563999,kde,full
1267,-3.489497459814422,kde,full
1268,1.1126784240222864,kde,full
1269,0.39433923859692555,kde,full
1270,-3.490476250124962,kde,full
1271,-0.8474075328056063,kde,full
1272,-0.39211741499487734,kde,full
1273,-1.2840834252863051,kde,full
1274,-1.360872550697579,kde,full
1275,15.561261665791957,kde,full
1276,2.9752624282383096,kde,full
1277,-0.8354118684873347,kde,full
1278,-3.319667324120467,kde,full
1279,-3.4936462775272403,kde,full
1280,-1.3156236682089926,kde,full
1281,1.417881805178723,kde,full
1282,0.3052788767253932,kde,full
1283,0.637314680177463,kde,full
1284,-3.442651391763709,kde,full
1285,5.628206960279889,kde,full
1286,-3.487211375009618,kde,full
1287,-3.55541872013701,kde,full
1288,-0.8054581391597045,kde,full
1289,0.9651336612580526,kde,full
1290,-3.377983471693942,kde,full
1291,-0.06353228057776833,kde,full
1292,0.6769325087278834,kde,full
1293,-1.0273523427828366,kde,full
1294,-0.9923284066557879,kde,full
1295,12.119861995553308,kde,full
1296,2.912010511906008,kde,full
1297,0.6960166691345596,kde,full
1298,3.499942288690524,kde,full
1299,-2.593018281134186,kde,full
1300,3.9380058512863414,kde,full
1301,-3.02376767788514,kde,full
1302,-3.261897875611356,kde,full
1303,0.009487280953716995,kde,full
1304,-0.6209918677724763,kde,full
1305,-1.858932193929072,kde,full
1306,-2.5673697488517746,kde,full
1307,-3.2568419115221934,kde,full
1308,-1.7082234338138922,kde,full
1309,-2.364448572824045,kde,full
1310,-3.4246002562837026,kde,full
1311,-0.15549697759339276,kde,full
1312,-1.7293435624617972,kde,full
1313,-0.6952405289714495,kde,full
1314,-0.8272476985893988,kde,full
1315,-3.3698187557508903,kde,full
1316,-3.356580755307185,kde,full
1317,-1.5357672126439177,kde,full
1318,-3.073517676640194,kde,full
1319,-1.6305785987376358,kde,full
1320,-1.4045784690754475,kde,full
1321,-2.573832278777953,kde,full
1322,-3.1104679096521024,kde,full
1323,-2.133451459472357,kde,full
1324,-3.0390223843043946,kde,full
1325,-3.0744052679440257,kde,full
1326,-2.457563689401371,kde,full
1327,-3.216854366492224,kde,full
1328,-0.6558337523287834,kde,full
1329,-2.352504452205563,kde,full
1330,2.344377479224982,kde,full
1331,-2.6522759548910266,kde,full
1332,-2.9918895058378636,kde,full
1333,-1.6611804052418353,kde,full
1334,-0.44366757526022693,kde,full
1335,-3.077903857058543,kde,full
1336,-2.2084692798730265,kde,full
1337,-3.1412180524472597,kde,full
1338,1.4678339125401432,kde,full
1339,-1.9198380307555967,kde,full
1340,-3.459699970287993,kde,full
1341,-0.5194294449014977,kde,full
1342,-2.08227179028223,kde,full
1343,-1.84866205888599,kde,full
1344,-0.6849649459269805,kde,full
1345,-3.4542294835541045,kde,full
1346,-3.561959073623126,kde,full
1347,-1.8483814083985184,kde,full
1348,-2.3733528130188493,kde,full
1349,-2.332846785970181,kde,full
1350,-1.8552657332225788,kde,full
1351,-0.3219918298447872,kde,full
1352,-3.1151924568129212,kde,full
1353,-2.1333517133642212,kde,full
1354,-2.396472062297032,kde,full
1355,-3.1684621065829397,kde,full
1356,-2.1283899800947976,kde,full
1357,-3.247111114184619,kde,full
1358,0.14854394919971037,kde,full
1359,-0.7476794804667928,kde,full
1360,-0.35875162534283833,kde,full
1361,2.3874550212040457,kde,full
1362,-3.494460175686345,kde,full
1363,-2.5109307245015144,kde,full
1364,-2.780238905609204,kde,full
1365,0.6554993931469277,kde,full
1366,-2.634335172381271,kde,full
1367,-1.0700790816955483,kde,full
1368,-2.955856407447627,kde,full
1369,0.02203465401525201,kde,full
1370,0.014257421410503287,kde,full
1371,-3.2302315349956223,kde,full
1372,1.0325098342224603,kde,full
1373,-1.4142562408297352,kde,full
1374,-1.3156242965099545,kde,full
1375,-0.19166958862805572,kde,full
1376,-3.1602168050361605,kde,full
1377,-3.6746283155635466,kde,full
1378,-0.7874408552638313,kde,full
1379,-0.673005019219607,kde,full
1380,-2.3202173392658256,kde,full
1381,-2.377197882607373,kde,full
1382,-1.0749642031758013,kde,full
1383,-2.67137390373377,kde,full
1384,-0.7733830955004757,kde,full
1385,-2.009091003689329,kde,full
1386,-2.935167784342893,kde,full
1387,-0.5063333576719246,kde,full
1388,-2.985124235690929,kde,full
1389,1.4652279928032081,kde,full
1390,0.009685699150505267,kde,full
1391,1.4540421714591916,kde,full
1392,3.157151305188347,kde,full
1393,-1.6086522236644176,kde,full
1394,-3.686360068925121,kde,full
1395,-2.076643267803401,kde,full
1396,0.477397484780907,kde,full
1397,-2.542516415382998,kde,full
1398,-2.1870134111190516,kde,full
1399,-2.786242126307433,kde,full
1400,-1.2937497738432615,kde,full
1401,-2.0532623138615365,kde,full
1402,0.32953710016703874,kde,full
1403,-2.9397893581420314,kde,full
1404,-3.3222398642020923,kde,full
1405,-2.329186706461096,kde,full
1406,-0.9354882386156779,kde,full
1407,-1.4480014243283998,kde,full
1408,-2.312197544632809,kde,full
1409,-2.4151662342281206,kde,full
1410,-2.035805850850797,kde,full
1411,-1.5671773513285845,kde,full
1412,-0.5766986682987254,kde,full
1413,-3.131510149923591,kde,full
1414,-0.2174457781088286,kde,full
1415,0.8077769379153888,kde,full
1416,1.0800367056754365,kde,full
1417,2.704319539509562,kde,full
1418,-2.417688813363214,kde,full
1419,-2.8865806181889235,kde,full
1420,1.0223712881009561,kde,full
1421,-0.6868080725645508,kde,full
1422,-3.689914465727408,kde,full
1423,0.20208293308615252,kde,full
1424,0.50377085173962,kde,full
1425,0.18247783888352548,kde,full
1426,-2.266005219339238,kde,full
1427,-1.052416074048572,kde,full
1428,-0.8518565923422222,kde,full
1429,-2.4201201357908064,kde,full
1430,-2.9865305843887207,kde,full
1431,0.4736807931761857,kde,full
1432,-1.2014699180767823,kde,full
1433,-0.8665600996489579,kde,full
1434,0.209089623526312,kde,full
1435,-0.44710239926235695,kde,full
1436,-1.3313050016617933,kde,full
1437,-0.7340714786998039,kde,full
1438,0.4823570829168775,kde,full
1439,-2.0664899919022948,kde,full
1440,1.3872563635743826,kde,full
1441,0.9280642020031791,kde,full
1442,2.1211619950436758,kde,full
1443,1.0021711010035415,kde,full
1444,-3.357265926833682,kde,full
1445,-1.0604894536165987,kde,full
1446,0.81047278943791,kde,full
1447,0.8796675448624118,kde,full
1448,2.052443485958808,kde,full
1449,-1.8397029637986795,kde,full
1450,-3.0841053372812186,kde,full
1451,-0.5904137019015787,kde,full
1452,0.6148682107745057,kde,full
1453,-2.694785035528364,kde,full
1454,-1.0289038753099249,kde,full
1455,-0.8266347863192908,kde,full
1456,-0.7265781281683668,kde,full
1457,-1.6902689486376845,kde,full
1458,-2.3835834942190948,kde,full
1459,-2.3754356063095767,kde,full
1460,-1.0687075978194318,kde,full
1461,-0.8054315069516251,kde,full
1462,-2.164688579603881,kde,full
1463,-1.5319231640868272,kde,full
1464,-3.4358645863253874,kde,full
1465,-1.8594424282769,kde,full
1466,-0.09600066841527066,kde,full
1467,-2.478534186656757,kde,full
1468,-1.714529187875571,kde,full
1469,3.9891320161480808,kde,full
1470,1.197381093720643,kde,full
1471,-2.974366466050159,kde,full
1472,1.408091803602984,kde,full
1473,2.7619535458284634,kde,full
1474,1.5990874774108779,kde,full
1475,-1.6097023068350969,kde,full
1476,-2.8813189154821597,kde,full
1477,3.2209831388510115,kde,full
1478,0.5120665428545728,kde,full
1479,-2.255507586524111,kde,full
1480,-1.9579998620345542,kde,full
1481,-1.9164832935541292,kde,full
1482,-1.4734999839669793,kde,full
1483,-1.0693873872342805,kde,full
1484,-2.0240279891460458,kde,full
1485,-1.7518920908317517,kde,full
1486,-1.1858161000185334,kde,full
1487,-1.3779871760325222,kde,full
1488,-0.9460336401860936,kde,full
1489,-3.3843710685133024,kde,full
1490,-1.3928081163101043,kde,full
1491,-0.657728453820766,kde,full
1492,-2.3470731638906788,kde,full
1493,-0.36068092968280635,kde,full
1494,1.6042650367837883,kde,full
1495,1.060578793170646,kde,full
1496,-2.157129453079432,kde,full
1497,1.033912102427375,kde,full
1498,0.002183548740174346,kde,full
1499,1.7069209225862307,kde,full
1500,0.0018649013615608945,kde,full
1501,1.5576658309364748,kde,full
1502,-0.12790928483762815,kde,full
1503,-1.2213918275398294,kde,full
1504,-0.9378532435900441,kde,full
1505,-0.381359343959683,kde,full
1506,-1.0202937309310125,kde,full
1507,0.7290904999411757,kde,full
1508,-1.4464731984733492,kde,full
1509,0.27593562103930114,kde,full
1510,-0.7888678424006802,kde,full
1511,-1.8551656907064171,kde,full
1512,1.607062333890127,kde,full
1513,-0.35072529761242366,kde,full
1514,-2.215958196467207,kde,full
1515,-2.256286245489238,kde,full
1516,2.236152570718072,kde,full
1517,1.3884345223670391,kde,full
1518,0.9515467380025199,kde,full
1519,-2.789505509759112,kde,full
1520,0.7837194136192169,kde,full
1521,0.8240055228316678,kde,full
1522,0.5181541672332877,kde,full
1523,-1.2653184449473318,kde,full
1524,-0.9725805219226327,kde,full
1525,0.26680589591856624,kde,full
1526,-0.5531692428811472,kde,full
1527,0.028964872553043836,kde,full
1528,-1.0400395128789695,kde,full
1529,-0.2165907691197467,kde,full
1530,2.6182012345780783,kde,full
1531,-2.1792397746968395,kde,full
1532,-1.338664488778409,kde,full
1533,-1.156444014996784,kde,full
1534,-2.1481395198214046,kde,full
1535,-1.923908003364564,kde,full
1536,-1.2637405539285833,kde,full
1537,-0.6515579826492623,kde,full
1538,1.2090799922666076,kde,full
1539,1.1047851429254636,kde,full
1540,-2.3028536983560532,kde,full
1541,0.7201378815968238,kde,full
1542,1.9032037320826642,kde,full
1543,0.42216323121407984,kde,full
1544,-0.8193390390011954,kde,full
1545,1.0776009702908693,kde,full
1546,-0.6653979328988753,kde,full
1547,-0.37119771571502147,kde,full
1548,0.3935717903565916,kde,full
1549,-1.0692977296074768,kde,full
1550,0.969951389396028,kde,full
1551,0.21928020334107842,kde,full
1552,-1.504318169131356,kde,full
1553,-0.2377575972447925,kde,full
1554,0.11185762929607741,kde,full
1555,-0.7518991441516902,kde,full
1556,-1.0543461762622066,kde,full
1557,-2.305956773165256,kde,full
1558,-0.2735879619456102,kde,full
1559,-0.537136509352732,kde,full
1560,0.9715953807172331,kde,full
1561,-3.02098214530451,kde,full
1562,-0.09325585393726654,kde,full
1563,1.7395068096989001,kde,full
1564,0.3165233915403959,kde,full
1565,-0.812533829783294,kde,full
1566,-1.560126571349245,kde,full
1567,-0.7794050881884662,kde,full
1568,0.10250816502059851,kde,full
1569,-0.9281464142128737,kde,full
1570,-0.30065499587127653,kde,full
1571,-1.5040824658716527,kde,full
1572,-0.8947998401436806,kde,full
1573,-0.9530132148036371,kde,full
1574,-2.3139684893436434,kde,full
1575,0.5111790876569899,kde,full
1576,-2.072178211925394,kde,full
1577,-1.1869774198712835,kde,full
1578,-2.8425090570129177,kde,full
1579,-0.4804348193295218,kde,full
1580,1.1041297278560331,kde,full
1581,-0.10521409206398988,kde,full
1582,1.961031122068634,kde,full
1583,0.4765232111155352,kde,full
1584,-0.7997598101304108,kde,full
1585,-1.0012408306628735,kde,full
1586,2.010082493178953,kde,full
1587,0.7034759218868998,kde,full
1588,-0.4775624588112545,kde,full
1589,-2.0164100127201,kde,full
1590,-0.926008033213339,kde,full
1591,0.043934256881641924,kde,full
1592,-0.32317105248426237,kde,full
1593,-0.9578158697658173,kde,full
1594,-1.7207383953117183,kde,full
1595,-1.6145077222659947,kde,full
1596,-3.285048728649298,kde,full
1597,-0.8605660402559587,kde,full
1598,1.1869100488279252,kde,full
1599,-0.3764057872131098,kde,full
1600,2.0616045165329853,kde,full
1601,0.15235157415914732,kde,full
1602,-0.8131007001982278,kde,full
1603,-2.3257476697884187,kde,full
1604,-1.8242378895139253,kde,full
1605,1.1168820258675392,kde,full
1606,-1.412966420085618,kde,full
1607,-2.1575928562887676,kde,full
1608,-0.8903841067825591,kde,full
1609,-1.1182257005709493,kde,full
1610,-1.1100329133841393,kde,full
1611,-3.294107253511261,kde,full
1612,-2.2715853487078252,kde,full
1613,-2.1721349207926073,kde,full
1614,-3.5659913003359534,kde,full
1615,-0.7168288431209334,kde,full
1616,1.5199044337399839,kde,full
1617,-0.4170001060576445,kde,full
1618,1.9587568070717036,kde,full
1619,0.12476609030184149,kde,full
1620,-0.7033045143296636,kde,full
1621,2.865480142650168,kde,full
1622,-1.8715880281221557,kde,full
1623,-2.748411233912669,kde,full
1624,0.285727967337913,kde,full
1625,-1.863674897591621,kde,full
1626,1.3848565977853406,kde,full
1627,-0.8671024232101107,kde,full
1628,-0.8370661269146772,kde,full
1629,-3.4309855140767267,kde,full
1630,-0.1148079227108053,kde,full
1631,0.70110028449249,kde,full
1632,-3.0867577334421084,kde,full
1633,-0.6215043886241076,kde,full
1634,2.4987845385397103,kde,full
1635,-0.2822222928611511,kde,full
1636,1.6472415404179925,kde,full
1637,0.31319133891684414,kde,full
1638,-0.7175255025505495,kde,full
1639,1.9905864654631398,kde,full
1640,1.3079338630416137,kde,full
1641,-2.825530959517453,kde,full
1642,0.5707551044864645,kde,full
1643,-1.596261719478335,kde,full
1644,-1.8879965830768588,kde,full
1645,0.0171172562859173,kde,full
1646,-0.24864675580591403,kde,full
1647,-3.4351491104326026,kde,full
1648,0.2038064394264545,kde,full
1649,-0.662460027179328,kde,full
1650,-3.893401025691398,kde,full
1651,-0.5504748918021565,kde,full
1652,3.059489644568436,kde,full
1653,-0.1901447204670814,kde,full
1654,1.5530013772167965,kde,full
1655,0.2793307032066258,kde,full
1656,-0.3766128343056281,kde,full
1657,1.190474165809335,kde,full
1658,0.45900075470268753,kde,full
1659,-0.31701361248812565,kde,full
1660,-1.9587622779006002,kde,full
1661,-1.4019079535223715,kde,full
1662,-2.7212034767776236,kde,full
1663,-0.25782050934746115,kde,full
1664,-1.1978558584656624,kde,full
1665,0.14107987820442416,kde,full
1666,-3.42902049324772,kde,full
1667,1.9054364336268492,kde,full
1668,-3.3832386137769106,kde,full
1669,-3.876991726283374,kde,full
1670,2.6854427530321807,kde,full
1671,-0.3289641096895374,kde,full
1672,1.2688230461403773,kde,full
1673,0.07955609581263484,kde,full
1674,0.18517174979681209,kde,full
1675,1.1424601373534187,kde,full
1676,-0.37721163539478314,kde,full
1677,-2.0277219894372367,kde,full
1678,-0.645302365971995,kde,full
1679,-2.3273612824088707,kde,full
1680,-2.115320527077454,kde,full
1681,-2.1348638001752827,kde,full
1682,-3.4787420469843706,kde,full
1683,-3.415265246936379,kde,full
1684,1.6594195543401153,kde,full
1685,-2.1259563426587644,kde,full
1686,-3.2155085809071786,kde,full
1687,-2.282548523186614,kde,full
1688,-2.5593256234860178,kde,full
1689,-3.7316513702621066,kde,full
1690,0.47304683466308395,kde,full
1691,-0.4107429763010293,kde,full
1692,0.6993441826217824,kde,full
1693,-0.0318940217213573,kde,full
1694,0.6940851728806737,kde,full
1695,0.5141216417202318,kde,full
1696,-2.606414948215658,kde,full
1697,-0.10704993255668216,kde,full
1698,0.7462609086652026,kde,full
1699,-2.3566214745415373,kde,full
1700,-2.4040367478878237,kde,full
1701,-2.230841013568292,kde,full
1702,-3.5523332738671236,kde,full
1703,-3.1850680534548848,kde,full
1704,-2.2681541103339735,kde,full
1705,-2.856722718122423,kde,full
1706,-2.78352645729279,kde,full
1707,-2.400950729272739,kde,full
1708,-3.1001446573615437,kde,full
1709,-3.68909805274279,kde,full
1710,-1.1788974397968033,kde,full
1711,-0.5873702838905965,kde,full
1712,-0.3564955535687958,kde,full
1713,-0.8801104583220933,kde,full
1714,0.9276620890885561,kde,full
1715,-2.3336872516256055,kde,full
1716,-0.546876556982822,kde,full
1717,0.5760297984401688,kde,full
1718,-0.743613013844474,kde,full
1719,1.6519161268624876,kde,full
1720,-0.016311367885889133,kde,full
1721,6.738103613335521,kde,full
1722,-2.4474208129186694,kde,full
1723,-3.594264732069053,kde,full
1724,-2.2125019959885304,kde,full
1725,-3.4882008846847192,kde,full
1726,-3.190922704142214,kde,full
1727,-2.456156843448847,kde,full
1728,-3.0278481419980072,kde,full
1729,-3.2557274112724772,kde,full
1730,-2.5798383567052894,kde,full
1731,-3.0548676819621026,kde,full
1732,-3.8475527274521912,kde,full
1733,-0.8226241507292841,kde,full
1734,1.8190874931738368,kde,full
1735,-0.5390064223025011,kde,full
1736,10.802670635626937,kde,full
1737,-1.8008522110259606,kde,full
1738,-0.5345006538601325,kde,full
1739,2.3092379341881157,kde,full
1740,0.603291288098575,kde,full
1741,5.8054286125325865,kde,full
1742,-0.03527737401258166,kde,full
1743,11.107852453776244,kde,full
1744,-2.5889388905648456,kde,full
1745,-3.4203825316734786,kde,full
1746,-2.258123760165299,kde,full
1747,-3.435320097449507,kde,full
1748,-3.0522969197963787,kde,full
1749,-2.47936055623994,kde,full
1750,-2.979227517957684,kde,full
1751,-3.3168419289132816,kde,full
1752,-2.7581682638387024,kde,full
1753,-2.9108574560610267,kde,full
1754,-3.528924592429636,kde,full
1755,-1.0243835629958613,kde,full
1756,1.2330475347764507,kde,full
1757,1.6590394270017639,kde,full
1758,4.0540262975053265,kde,full
1759,-1.6561837280386715,kde,full
1760,0.25134965751282934,kde,full
1761,3.4460229998116327,kde,full
1762,8.128769386061633,kde,full
1763,13.957734761908942,kde,full
1764,0.8260213621638496,kde,full
1765,0.7092349039254666,kde,full
1766,-2.5838576571017837,kde,full
1767,-2.1461638707604433,kde,full
1768,-3.538763254190992,kde,full
1769,-2.791389526870543,kde,full
1770,-2.585538156553466,kde,full
1771,-2.9342330055190637,kde,full
1772,-2.7499068365733015,kde,full
1773,-2.7154885178373194,kde,full
1774,-3.707225262637129,kde,full
1775,-1.23100834935793,kde,full
1776,1.6037292656823199,kde,full
1777,5.836949858258578,kde,full
1778,-1.2963392560487976,kde,full
1779,-1.382724524728345,kde,full
1780,0.3260308043984467,kde,full
1781,0.8920433656767326,kde,full
1782,-0.28170594885887645,kde,full
1783,0.21606693158177587,kde,full
1784,-0.2656128230713728,kde,full
1785,1.0875869710237787,kde,full
1786,-2.1445613606665455,kde,full
1787,-2.016220252617596,kde,full
1788,-3.593508889365249,kde,full
1789,-2.0160137388636015,kde,full
1790,-2.5792805976870237,kde,full
1791,-2.4001128636683067,kde,full
1792,-2.194238465834459,kde,full
1793,-2.239564519732267,kde,full
1794,-3.727269186739172,kde,full
1795,-1.079786715656632,kde,full
1796,1.774380608212616,kde,full
1797,2.938511494210694,kde,full
1798,-1.1505686186174768,kde,full
1799,-1.0465761363894956,kde,full
1800,0.46106096792292567,kde,full
1801,-0.35168792104855745,kde,full
1802,0.2539574630991325,kde,full
1803,1.1950133060489954,kde,full
1804,-0.0774530294776567,kde,full
1805,1.9347229225797866,kde,full
1806,-0.511677335404511,kde,full
1807,-1.7909019630442602,kde,full
1808,-3.5955695711533227,kde,full
1809,-1.0192442327537727,kde,full
1810,-1.997685721491971,kde,full
1811,-1.1968133122075306,kde,full
1812,-0.1468680130572972,kde,full
1813,-1.4728460917788375,kde,full
1814,-3.634853782564111,kde,full
1815,0.7330603455714733,kde,full
1816,9.20909133541088,kde,full
1817,-1.0180440154421855,kde,full
1818,-0.13249505840958017,kde,full
1819,0.7377862628344114,kde,full
1820,-0.4664352622529586,kde,full
1821,-0.00951672151579952,kde,full
1822,3.372985299667798,kde,full
1823,-0.14658929833647635,kde,full
1824,1.7788989203660646,kde,full
1825,-0.15018782368769729,kde,full
1826,1.0157644720786736,kde,full
1827,-1.3636651816263352,kde,full
1828,-3.436531787769552,kde,full
1829,-2.8946787699595493,kde,full
1830,0.1397326968950367,kde,full
1831,0.2528565778708157,kde,full
1832,-0.020285410036719242,kde,full
1833,-0.25855901269958903,kde,full
1834,-3.5062600616596877,kde,full
1835,-0.8402179337220526,kde,full
1836,4.81796781805364,kde,full
1837,-0.9306981898364209,kde,full
1838,6.5196651608116065,kde,full
1839,1.1570543869928065,kde,full
1840,0.6922433260117277,kde,full
1841,-0.061996555224576005,kde,full
1842,0.1461113811700915,kde,full
1843,-0.21134394287077019,kde,full
1844,0.9409965745241902,kde,full
1845,-0.2931436594596187,kde,full
1846,1.5362270562753504,kde,full
1847,-0.7012751673594246,kde,full
1848,-3.4223324746849793,kde,full
1849,-2.057771928996848,kde,full
1850,0.7207963444202072,kde,full
1851,1.069251487766744,kde,full
1852,1.9000863440234248,kde,full
1853,3.2046661000000576,kde,full
1854,-3.6298435183335203,kde,full
1855,-0.8601039744946857,kde,full
1856,1.456119889227777,kde,full
1857,-0.5953549715172092,kde,full
1858,0.8268590587726685,kde,full
1859,1.365371007549197,kde,full
1860,-0.48712207520472156,kde,full
1861,0.007739901724021919,kde,full
1862,0.015584344686739388,kde,full
1863,-0.23764313087448496,kde,full
1864,-0.7863540587378639,kde,full
1865,-0.31347095596524555,kde,full
1866,1.052960778922718,kde,full
1867,-0.4611712716061315,kde,full
1868,0.09766989339742999,kde,full
1869,-3.4330148315391993,kde,full
1870,-3.387910408982193,kde,full
1871,2.2043908030974744,kde,full
1872,-1.4934643606359856,kde,full
1873,0.15393038870752476,kde,full
1874,7.898115158113309,kde,full
1875,-3.4761901418376904,kde,full
1876,-0.3926859670143517,kde,full
1877,5.14831712586212,kde,full
1878,-0.010806084970171381,kde,full
1879,2.4576118510745872,kde,full
1880,1.7108768958404168,kde,full
1881,-0.5938663892874376,kde,full
1882,-0.12763161546433205,kde,full
1883,0.8285377746703029,kde,full
1884,-0.14942542857378094,kde,full
1885,-0.8040379378334963,kde,full
1886,3.5907989302561796,kde,full
1887,0.7367279557792095,kde,full
1888,-3.4134043993874514,kde,full
1889,1.1174474514442838,kde,full
1890,-0.939396501707456,kde,full
1891,0.6741798230116801,kde,full
1892,-3.32021347661336,kde,full
1893,-0.2608522969214753,kde,full
1894,1.3444101810470312,kde,full
1895,1.9346108422849873,kde,full
1896,5.762223087557053,kde,full
1897,0.6478771195199476,kde,full
1898,-0.04474744294000016,kde,full
1899,-0.09181922131448755,kde,full
1900,-0.15590408709943693,kde,full
1901,0.9548070000705018,kde,full
1902,7.5908534507505525,kde,full
1903,1.5917057774609527,kde,full
1904,2.2882988975400855,kde,full
1905,-1.1171578990311148,kde,full
1906,4.171022716628583,kde,full
1907,-0.4164985149981907,kde,full
1908,0.17554362457643355,kde,full
1909,-0.07072431581761934,kde,full
1910,-0.14334239358972592,kde,full
1911,-0.845456112448864,kde,full
1912,9.648914396384235,kde,full
1913,2.2255118018182016,kde,full
1914,1.8825122645610481,kde,full
1915,-1.0520296690774409,kde,full
1916,5.833499818827718,kde,full
1917,1.0304817651597522,kde,full
1918,0.23768947174400068,kde,full
1919,0.1141918827951528,kde,full
1920,-0.06652353277187173,kde,full
1921,-0.25206570059949884,kde,full
1922,14.726304004111027,kde,full
1923,2.3499421517760184,kde,full
1924,0.41710671916420755,kde,full
1925,-0.472658548026664,kde,full
1926,3.437957771608905,kde,full
1927,2.0668235023048718,kde,full
1928,0.4472829930430955,kde,full
1929,0.25765827325908186,kde,full
1930,-0.06599175195499518,kde,full
1931,12.937861434022782,kde,full
1932,-0.7429349395117681,kde,full
1933,-0.4526132916403919,kde,full
1934,0.5969979095741292,kde,full
1935,1.6353570237816222,kde,full
1936,3.6656603341001883,kde,full
1937,1.512666193635142,kde,full
1938,-3.416543053352557,kde,full
1939,-3.528751382945782,kde,full
1940,-3.4154668351392545,kde,full
1941,-3.4797217164865466,kde,full
1942,-3.4327625943153124,kde,full
1943,1.2176872081879415,kde,full
1944,-3.448049225793658,kde,full
1945,-3.4374608735759677,kde,full
1946,-3.520021797227616,kde,full
1947,1.2627735675659844,kde,full
1948,-3.3232307394672116,kde,full
1949,-3.3322549022065187,kde,full
1950,-3.2655914975608957,kde,full
1951,0.9165627565842662,kde,full
1952,-2.939170125953715,kde,full
1953,-2.951379519450103,kde,full
1954,-2.924958802564625,kde,full
1955,0.3659309485504597,kde,full
1956,-3.043250737602457,kde,full
1957,-2.665138062281016,kde,full
1958,-2.5217941050186186,kde,full
1959,3.2823931477770927,kde,full
1960,-3.4120849950437684,kde,full
1961,2.1224648648965068,kde,full
1962,1.814932809252194,kde,full
1963,1.2903256463414254,kde,full
1964,2.142165602584324,kde,full
1965,-2.6850772772083285,kde,full
1966,2.3520941185395383,kde,full
1967,1.8515878591177453,kde,full
1968,4.0223385704777765,kde,full
1969,-1.0641225817956401,kde,full
1970,2.5367955816908854,kde,full
1971,0.6662466560904532,kde,full
1972,3.390955123887104,kde,full
1973,-1.9948665266911563,kde,full
1974,3.444192980390493,kde,full
1975,-0.15012088383456068,kde,full
1976,3.511340305345093,kde,full
1977,2.6757417242734984,kde,full
1978,2.4378233839251795,kde,full
1979,-3.2102893687627434,kde,full
1980,0.11804579816413469,kde,full
1981,0.5479038491546918,kde,full
1982,5.0654012483209305,kde,full
1983,17.77775885929693,kde,full
1984,-0.9734921894808325,kde,full
1985,-1.2995856062292543,kde,full
1986,0.04344887965967603,kde,full
1987,1.3830644095262945,kde,full
1988,2.076601433287426,kde,full
1989,7.277961970402433,kde,full
1990,3.2549730597829627,kde,full
1991,-2.491012884484914,kde,full
1992,0.0010434013111995655,kde,full
1993,2.472205132717559,kde,full
1994,-0.5597810971148944,kde,full
1995,-3.5625872157270857,kde,full
1996,0.09268343493413421,kde,full
1997,2.469297311955314,kde,full
1998,0.5487588720103612,kde,full
1999,-3.461044519385218,kde,full
2000,-3.4009549567057213,kde,full
2001,-3.604645253149635,kde,full
2002,-3.5360261500448367,kde,full
2003,-3.449970475964143,kde,full
2004,-3.4177133446901924,kde,full
2005,-3.417475598990452,kde,full
2006,-3.555019931852923,kde,full
2007,-3.5282172609763185,kde,full
2008,1.453982898917643,kde,full
2009,-3.482823421084628,kde,full
2010,-3.6991774557525683,kde,full
2011,2.536179342933678,kde,full
2012,-3.4519808055389967,kde,full
2013,-3.445068505220947,kde,full
2014,0.0643166484165259,kde,full
2015,-3.4160456076120407,kde,full
2016,-3.454510146390324,kde,full
2017,-3.486463224382636,kde,full
2018,3.0510101318865854,kde,full
2019,-3.574337309086459,kde,full
2020,-3.294209723521268,kde,full
2021,-3.52674126437287,kde,full
2022,-3.560984835504689,kde,full
2023,2.1186450401458057,kde,full
2024,2.1647973317929825,kde,full
2025,-0.5341549665474661,kde,full
2026,-2.1713781208273546,kde,full
2027,9.580875105809334,kde,full
2028,-2.8317606987376305,kde,full
2029,-1.2185509509837413,kde,full
2030,-1.6115041436473043,kde,full
2031,-3.5273145048689125,kde,full
2032,-3.4725120967223027,kde,full
2033,-1.4170439680709115,kde,full
2034,0.9255271076661139,kde,full
2035,-3.574912829979002,kde,full
2036,-3.4362097131754323,kde,full
2037,-1.6193456694846036,kde,full
2038,-2.3946895994859783,kde,full
2039,-3.4668934147679495,kde,full
2040,-3.506196363000896,kde,full
2041,-1.8977737225039688,kde,full
2042,-1.75875908553176,kde,full
2043,-3.3714274841599883,kde,full
2044,-3.408306845321889,kde,full
2045,0.014615081162219656,kde,full
2046,-3.5431614356048238,kde,full
2047,-3.5825065253349013,kde,full
2048,17.862897482943644,kde,full
2049,-3.252853217374881,kde,full
2050,14.029916794017563,kde,full
2051,-3.2129575310134655,kde,full
2052,-2.7300349797853496,kde,full
2053,-1.4826138268809723,kde,full
2054,-3.0216756035876093,kde,full
2055,0.457133103370175,kde,full
2056,0.5033322697698357,kde,full
2057,0.4802969026224833,kde,full
2058,1.3833330067171286,kde,full
2059,-1.0467042476206054,kde,full
2060,-1.346416881002047,kde,full
2061,-1.5898323820876625,kde,full
2062,0.4525450760510287,kde,full
2063,2.122969801956841,kde,full
2064,3.2899483913764462,kde,full
2065,-2.2445037174990796,kde,full
2066,0.13672679889195258,kde,full
2067,-3.100361066212212,kde,full
2068,2.3949420300814674,kde,full
2069,-3.1831511210225045,kde,full
2070,11.10975901434697,kde,full
2071,7.815727294137977,kde,full
2072,18.456738249552934,kde,full
2073,8.591454522401778,kde,full
2074,8.337773375926524,kde,full
2075,5.921925592224425,kde,full
2076,8.265965097462995,kde,full
2077,0.5756834002768433,kde,full
2078,0.5573841193099713,kde,full
2079,2.2772592743201376,kde,full
2080,0.6074764344697741,kde,full
2081,1.944127845330946,kde,full
2082,1.5658196077631825,kde,full
2083,-0.08058605903648844,kde,full
2084,3.072939513952397,kde,full
2085,0.5988191855339675,kde,full
2086,-0.41528358758016304,kde,full
2087,7.185790179231498,kde,full
2088,0.6350409017334757,kde,full
2089,-0.898783028994631,kde,full
2090,-0.7903828007938838,kde,full
2091,0.8832824330571958,kde,full
2092,-0.8934393302185532,kde,full
2093,-1.1413235841516154,kde,full
2094,0.7323289699597801,kde,full
2095,-0.6902247518024808,kde,full
2096,-1.3248480656506465,kde,full
2097,-0.8038492773127022,kde,full
2098,-0.7849810776685562,kde,full
2099,0.4658963956614449,kde,full
2100,-0.5808880210416366,kde,full
2101,-1.2479432056115285,kde,full
2102,-0.7691665648441067,kde,full
2103,-1.0073017546966248,kde,full
2104,0.3401861019248912,kde,full
2105,-0.28846514887761643,kde,full
2106,-1.2103340068308062,kde,full
2107,-0.8164417534356619,kde,full
2108,0.8518198866961473,kde,full
2109,-1.1293906122789785,kde,full
2110,0.15900636150392505,kde,full
2111,0.26796093544532945,kde,full
2112,-1.2013825843152448,kde,full
2113,-0.6996193304488314,kde,full
2114,-0.17354759739535308,kde,full
2115,-1.1934374915862649,kde,full
2116,0.09459951104886624,kde,full
2117,-0.6480883844101162,kde,full
2118,-1.234168294701386,kde,full
2119,-0.7663752767266518,kde,full
2120,-0.4867021309791143,kde,full
2121,0.03486072488021233,kde,full
2122,-0.7588477923401967,kde,full
2123,-1.2332905643370446,kde,full
2124,-0.7698219770546596,kde,full
2125,1.3884719373035734,kde,full
2126,0.42271061350968464,kde,full
2127,-0.8726633324859411,kde,full
2128,-1.1440854624685746,kde,full
2129,-0.7993520227328584,kde,full
2130,1.8540281019785223,kde,full
2131,0.035461841928132454,kde,full
2132,-0.9163486954767686,kde,full
2133,-1.1003052883620839,kde,full
2134,-0.7362319425662994,kde,full
2135,3.143618507997087,kde,full
2136,0.103403004757812,kde,full
2137,-0.851178562390289,kde,full
2138,-0.6748853078938365,kde,full
2139,-0.7012474932488431,kde,full
2140,4.407742060556855,kde,full
2141,0.0765492924978167,kde,full
2142,-0.71665272747994,kde,full
2143,-1.1352838339358753,kde,full
2144,-0.46460881377896535,kde,full
2145,0.10706517847975758,kde,full
2146,-1.0515199924076646,kde,full
2147,-1.1124718490587773,kde,full
2148,-0.7778447238896973,kde,full
2149,0.17351318282601724,kde,full
2150,-1.0369715947038547,kde,full
2151,-0.9333582192759811,kde,full
2152,-0.9397329864677227,kde,full
2153,-0.16714907938102813,kde,full
2154,-1.0096319780555165,kde,full
2155,-0.49061779161954683,kde,full
2156,-0.8347718531672695,kde,full
2157,-0.19258958488269537,kde,full
2158,-0.9700883112181368,kde,full
2159,-0.33546169005652693,kde,full
2160,-0.8857674668822597,kde,full
2161,0.05630738997843365,kde,full
2162,-0.823220452935278,kde,full
2163,-0.4059134358422387,kde,full
2164,-0.7871187420473672,kde,full
2165,-0.35230016857620805,kde,full
2166,-1.0789745132570425,kde,full
2167,-0.5101000300173143,kde,full
2168,-0.47869533161572264,kde,full
2169,-0.2547602866008163,kde,full
2170,-0.8990888032142091,kde,full
2171,-0.7062679659124542,kde,full
2172,0.3715315660256504,kde,full
2173,-0.16895834389249,kde,full
2174,-1.0003632425975302,kde,full
2175,-1.1220255128531114,kde,full
2176,1.2779088856073755,kde,full
2177,-3.2752425600350943,kde,full
2178,-2.6440984401098975,kde,full
2179,-3.2374804263524086,kde,full
2180,-3.074583073756165,kde,full
2181,-2.6095541455960483,kde,full
2182,-3.453661830576067,kde,full
2183,-3.2809389914710603,kde,full
2184,-3.1553736857665027,kde,full
2185,-2.398436305129395,kde,full
2186,-3.5672765500665036,kde,full
2187,-3.4001639780662196,kde,full
2188,-3.265118762563424,kde,full
2189,-2.198633208330677,kde,full
2190,-3.5129008295455293,kde,full
2191,-3.120336095884185,kde,full
2192,-3.3580994859913074,kde,full
2193,-1.489973172148782,kde,full
2194,-3.4634938698561837,kde,full
2195,-3.5073019905109524,kde,full
2196,-3.550781958984196,kde,full
2197,-3.324420653704427,kde,full
2198,-3.371750684730858,kde,full
2199,-3.2933253403684026,kde,full
2200,-3.5319176498241447,kde,full
2201,-3.3290069047591486,kde,full
2202,-3.3412004138659746,kde,full
2203,-2.861219769691153,kde,full
2204,-3.298560920019968,kde,full
2205,-3.367085035991213,kde,full
2206,-3.1685444572919828,kde,full
2207,-3.0880654845876334,kde,full
2208,-3.471999315707495,kde,full
2209,-3.3177002103897304,kde,full
2210,-3.3755012932532273,kde,full
2211,-3.538164123661709,kde,full
2212,-2.7546491276541096,kde,full
2213,-3.303307276315322,kde,full
2214,-3.541586043668373,kde,full
2215,-2.999231706711655,kde,full
2216,-2.9631461860689825,kde,full
2217,-3.2580115320893253,kde,full
2218,-3.5789085279140185,kde,full
2219,-3.7266131461966,kde,full
2220,-3.3537051553423662,kde,full
2221,-3.4808283973304275,kde,full
2222,-2.969338418270353,kde,full
2223,2.7866653932188497,kde,full
2224,2.1834287462293394,kde,full
2225,3.7747118541101634,kde,full
2226,1.8160380803726517,kde,full
2227,5.333686853930655,kde,full
2228,6.145432449601341,kde,full
2229,0.13549950456702672,kde,full
2230,0.9738013479717943,kde,full
2231,11.33026448860297,kde,full
2232,0.3082053575564401,kde,full
2233,-0.11445561075107596,kde,full
2234,-0.6647073760363679,kde,full
2235,0.4388838912091371,kde,full
2236,0.7097893246549875,kde,full
2237,4.031765796389249,kde,full
2238,0.08975118537585974,kde,full
2239,-0.00038390289309542247,kde,full
2240,0.05513635183408924,kde,full
2241,-0.32473902141736594,kde,full
2242,0.377552566036308,kde,full
2243,-0.6202997236930511,kde,full
2244,-0.9175387265701007,kde,full
2245,-0.6445120049484644,kde,full
2246,-0.29101756717934446,kde,full
2247,-0.9822763267186556,kde,full
